{
    "test_accuracy": 0.9686588921282799,
    "precision": 0.9688554996563563,
    "recall": 0.9686588921282799,
    "roc_auc": 0.9969603033301168,
    "f1_macro": 0.9696157108294091,
    "f1_weighted": 0.9686870328013677
}