{
    "test_accuracy": 0.9336734693877551,
    "precision": 0.9364668145446605,
    "recall": 0.9336734693877551,
    "roc_auc": 0.990030531835972,
    "f1_macro": 0.9262502975901925,
    "f1_weighted": 0.9339839528387062
}