{
    "test_accuracy": 0.9019607843137255,
    "precision": 0.9013207547169813,
    "recall": 0.9019607843137255,
    "roc_auc": 0.9782615660643342,
    "f1_macro": 0.9014661081492764,
    "f1_weighted": 0.9014661081492764
}